"uri","health_label"
"b3ce18c4a415f62086a858c54f2c3f19","Sugar-Conscious"
"b3ce18c4a415f62086a858c54f2c3f19","Peanut-Free"
"b3ce18c4a415f62086a858c54f2c3f19","Tree-Nut-Free"
"b3ce18c4a415f62086a858c54f2c3f19","Alcohol-Free"
"86ff24db234446dd12a6261a6d1e077e","Peanut-Free"
"86ff24db234446dd12a6261a6d1e077e","Tree-Nut-Free"
"86ff24db234446dd12a6261a6d1e077e","Alcohol-Free"
"a58812772195b463848117996db57eb5","Sugar-Conscious"
"a58812772195b463848117996db57eb5","Vegetarian"
"a58812772195b463848117996db57eb5","Peanut-Free"
"a58812772195b463848117996db57eb5","Tree-Nut-Free"
"a58812772195b463848117996db57eb5","Alcohol-Free"
"12f07fca0e5a4346cd1dcfc75baa97a5","Sugar-Conscious"
"12f07fca0e5a4346cd1dcfc75baa97a5","Peanut-Free"
"12f07fca0e5a4346cd1dcfc75baa97a5","Tree-Nut-Free"
"12f07fca0e5a4346cd1dcfc75baa97a5","Alcohol-Free"
"ab101c90db097a98865d0fad437832e3","Sugar-Conscious"
"ab101c90db097a98865d0fad437832e3","Vegetarian"
"ab101c90db097a98865d0fad437832e3","Peanut-Free"
"ab101c90db097a98865d0fad437832e3","Alcohol-Free"
"d85c39afd929b14206cd2c42fd6eac9b","Sugar-Conscious"
"d85c39afd929b14206cd2c42fd6eac9b","Vegetarian"
"d85c39afd929b14206cd2c42fd6eac9b","Peanut-Free"
"d85c39afd929b14206cd2c42fd6eac9b","Tree-Nut-Free"
"d85c39afd929b14206cd2c42fd6eac9b","Alcohol-Free"
"8551a35879e92bfb0974b3236f489e17","Vegetarian"
"8551a35879e92bfb0974b3236f489e17","Peanut-Free"
"8551a35879e92bfb0974b3236f489e17","Tree-Nut-Free"
"d46b579cf07b00f594512b7121d93d2a","Peanut-Free"
"d46b579cf07b00f594512b7121d93d2a","Alcohol-Free"
"52f11e7f8841516d57f4c452f69095b4","Vegetarian"
"52f11e7f8841516d57f4c452f69095b4","Peanut-Free"
"52f11e7f8841516d57f4c452f69095b4","Tree-Nut-Free"
"52f11e7f8841516d57f4c452f69095b4","Alcohol-Free"
"c75fed864ac7e5f3dea42b880d5ddfab","Sugar-Conscious"
"c75fed864ac7e5f3dea42b880d5ddfab","Vegetarian"
"c75fed864ac7e5f3dea42b880d5ddfab","Peanut-Free"
"c75fed864ac7e5f3dea42b880d5ddfab","Alcohol-Free"
"432572b1569c50fe1d3d5959671be29a","Vegetarian"
"432572b1569c50fe1d3d5959671be29a","Peanut-Free"
"432572b1569c50fe1d3d5959671be29a","Tree-Nut-Free"
"432572b1569c50fe1d3d5959671be29a","Alcohol-Free"
"9ff6f987fb35b108512e4acb1fe11f5d","Peanut-Free"
"9ff6f987fb35b108512e4acb1fe11f5d","Tree-Nut-Free"
"9ff6f987fb35b108512e4acb1fe11f5d","Alcohol-Free"
"e4cc54609be325ede02050171c04b869","Peanut-Free"
"e4cc54609be325ede02050171c04b869","Alcohol-Free"
"10dc1f9a52e508348b2647714ece6f97","Sugar-Conscious"
"10dc1f9a52e508348b2647714ece6f97","Peanut-Free"
"10dc1f9a52e508348b2647714ece6f97","Tree-Nut-Free"
"10dc1f9a52e508348b2647714ece6f97","Alcohol-Free"
"2eee81164f949a2e4521c8501bb64ce0","Vegetarian"
"2eee81164f949a2e4521c8501bb64ce0","Peanut-Free"
"2eee81164f949a2e4521c8501bb64ce0","Tree-Nut-Free"
"2eee81164f949a2e4521c8501bb64ce0","Alcohol-Free"
"90c2022160e67f9e51561c4a8afb676c","Vegetarian"
"90c2022160e67f9e51561c4a8afb676c","Peanut-Free"
"90c2022160e67f9e51561c4a8afb676c","Tree-Nut-Free"
"90c2022160e67f9e51561c4a8afb676c","Alcohol-Free"
"05a5b79820cc5e5a4563242a0f94b314","Vegetarian"
"05a5b79820cc5e5a4563242a0f94b314","Peanut-Free"
"05a5b79820cc5e5a4563242a0f94b314","Tree-Nut-Free"
"05a5b79820cc5e5a4563242a0f94b314","Alcohol-Free"
"d62f80ed36e09f3f41a64f706ebb2bce","Sugar-Conscious"
"d62f80ed36e09f3f41a64f706ebb2bce","Vegetarian"
"d62f80ed36e09f3f41a64f706ebb2bce","Peanut-Free"
"d62f80ed36e09f3f41a64f706ebb2bce","Tree-Nut-Free"
"d62f80ed36e09f3f41a64f706ebb2bce","Alcohol-Free"
"6fa5ca6edb4ade0356144fc598941c4b","Peanut-Free"
"6fa5ca6edb4ade0356144fc598941c4b","Tree-Nut-Free"
"6fa5ca6edb4ade0356144fc598941c4b","Alcohol-Free"
"ffed6b765a929ce59dda4f757987d397","Peanut-Free"
"ffed6b765a929ce59dda4f757987d397","Tree-Nut-Free"
"ffed6b765a929ce59dda4f757987d397","Alcohol-Free"
"eeec753e05af7dfb0cd5f5e393532c8e","Sugar-Conscious"
"eeec753e05af7dfb0cd5f5e393532c8e","Vegetarian"
"eeec753e05af7dfb0cd5f5e393532c8e","Peanut-Free"
"eeec753e05af7dfb0cd5f5e393532c8e","Tree-Nut-Free"
"eeec753e05af7dfb0cd5f5e393532c8e","Alcohol-Free"
"f110dcae32e82d411636e802d81f33fe","Sugar-Conscious"
"f110dcae32e82d411636e802d81f33fe","Peanut-Free"
"f110dcae32e82d411636e802d81f33fe","Tree-Nut-Free"
"0c5371b113a2d0b2fc93342d83a5f9cb","Peanut-Free"
"0c5371b113a2d0b2fc93342d83a5f9cb","Tree-Nut-Free"
"9f78cf6e75117f05817557856b26d642","Peanut-Free"
"9f78cf6e75117f05817557856b26d642","Tree-Nut-Free"
"9f78cf6e75117f05817557856b26d642","Alcohol-Free"
"b485883283d8abe38f6505022996d023","Vegetarian"
"b485883283d8abe38f6505022996d023","Peanut-Free"
"b485883283d8abe38f6505022996d023","Tree-Nut-Free"
"b485883283d8abe38f6505022996d023","Alcohol-Free"
"98bb8e20f7435529ac717e2c0c0228f0","Sugar-Conscious"
"98bb8e20f7435529ac717e2c0c0228f0","Peanut-Free"
"98bb8e20f7435529ac717e2c0c0228f0","Tree-Nut-Free"
"98bb8e20f7435529ac717e2c0c0228f0","Alcohol-Free"
"b767a6d3dd2449a7db0bfc9fa48b4d5d","Sugar-Conscious"
"b767a6d3dd2449a7db0bfc9fa48b4d5d","Peanut-Free"
"b767a6d3dd2449a7db0bfc9fa48b4d5d","Tree-Nut-Free"
"b767a6d3dd2449a7db0bfc9fa48b4d5d","Alcohol-Free"
"ed1931142e99bb9e1510d556d24a4196","Peanut-Free"
"ed1931142e99bb9e1510d556d24a4196","Tree-Nut-Free"
"ed1931142e99bb9e1510d556d24a4196","Alcohol-Free"
"06d4762223d1e004dfcc4a43709aadb4","Peanut-Free"
"06d4762223d1e004dfcc4a43709aadb4","Tree-Nut-Free"
"d946cad105faa8534a628fda7455b151","Peanut-Free"
"d946cad105faa8534a628fda7455b151","Alcohol-Free"
"82d9d63c4d7fcd32c6c7be6805d206c1","Sugar-Conscious"
"82d9d63c4d7fcd32c6c7be6805d206c1","Peanut-Free"
"82d9d63c4d7fcd32c6c7be6805d206c1","Tree-Nut-Free"
"82d9d63c4d7fcd32c6c7be6805d206c1","Alcohol-Free"
"18ffc88b29b889a6705fe57091a06cab","Peanut-Free"
"18ffc88b29b889a6705fe57091a06cab","Tree-Nut-Free"
"18ffc88b29b889a6705fe57091a06cab","Alcohol-Free"
"e15822b20464e4a248811187daf151da","Vegetarian"
"e15822b20464e4a248811187daf151da","Peanut-Free"
"e15822b20464e4a248811187daf151da","Alcohol-Free"
"d5ca243b98c90b086dca1e7837bb6b6a","Vegetarian"
"d5ca243b98c90b086dca1e7837bb6b6a","Peanut-Free"
"d5ca243b98c90b086dca1e7837bb6b6a","Tree-Nut-Free"
"d5ca243b98c90b086dca1e7837bb6b6a","Alcohol-Free"
"ee390f695d06b9c1d55e30c0a3c399e4","Sugar-Conscious"
"ee390f695d06b9c1d55e30c0a3c399e4","Peanut-Free"
"ee390f695d06b9c1d55e30c0a3c399e4","Tree-Nut-Free"
"ee390f695d06b9c1d55e30c0a3c399e4","Alcohol-Free"
"e7cc9544febdcbcb1d2e57f51bdf117e","Sugar-Conscious"
"e7cc9544febdcbcb1d2e57f51bdf117e","Peanut-Free"
"e7cc9544febdcbcb1d2e57f51bdf117e","Tree-Nut-Free"
"e7cc9544febdcbcb1d2e57f51bdf117e","Alcohol-Free"
"421540bf23efe51f52ac9b362d4f435a","Vegetarian"
"421540bf23efe51f52ac9b362d4f435a","Peanut-Free"
"421540bf23efe51f52ac9b362d4f435a","Tree-Nut-Free"
"421540bf23efe51f52ac9b362d4f435a","Alcohol-Free"
"6cb2d678adf1876087287d16d194eaf8","Peanut-Free"
"6cb2d678adf1876087287d16d194eaf8","Tree-Nut-Free"
"6cb2d678adf1876087287d16d194eaf8","Alcohol-Free"
"ceb8595ffab275584b159b4f39c1c45d","Vegetarian"
"ceb8595ffab275584b159b4f39c1c45d","Peanut-Free"
"ceb8595ffab275584b159b4f39c1c45d","Tree-Nut-Free"
"ceb8595ffab275584b159b4f39c1c45d","Alcohol-Free"
"fc1f79694cf132da00479d4f18385c58","Vegan"
"fc1f79694cf132da00479d4f18385c58","Vegetarian"
"fc1f79694cf132da00479d4f18385c58","Peanut-Free"
"fc1f79694cf132da00479d4f18385c58","Tree-Nut-Free"
"fc1f79694cf132da00479d4f18385c58","Alcohol-Free"
"8b9211881b356b8811e24985232ec26b","Peanut-Free"
"8b9211881b356b8811e24985232ec26b","Tree-Nut-Free"
"8b9211881b356b8811e24985232ec26b","Alcohol-Free"
"b5cd00d2a7a41526bf2b3e8c5439b1f9","Peanut-Free"
"b5cd00d2a7a41526bf2b3e8c5439b1f9","Tree-Nut-Free"
"209fb5d8b3ad2714a9dfa9600de4e43d","Vegan"
"209fb5d8b3ad2714a9dfa9600de4e43d","Vegetarian"
"209fb5d8b3ad2714a9dfa9600de4e43d","Peanut-Free"
"209fb5d8b3ad2714a9dfa9600de4e43d","Tree-Nut-Free"
"c3292fbc22e5ae824e4aea77cf5b8380","Peanut-Free"
"c3292fbc22e5ae824e4aea77cf5b8380","Alcohol-Free"
"bfef8b3e918ff158353f10a46e42ba07","Peanut-Free"
"bfef8b3e918ff158353f10a46e42ba07","Tree-Nut-Free"
"6c17fddadbde7c395f1e446ceb3cb5da","Vegetarian"
"6c17fddadbde7c395f1e446ceb3cb5da","Peanut-Free"
"6c17fddadbde7c395f1e446ceb3cb5da","Tree-Nut-Free"
"6c17fddadbde7c395f1e446ceb3cb5da","Alcohol-Free"
"eda4c559ff768d58405636a9f5e6b63f","Sugar-Conscious"
"eda4c559ff768d58405636a9f5e6b63f","Peanut-Free"
"eda4c559ff768d58405636a9f5e6b63f","Tree-Nut-Free"
"eda4c559ff768d58405636a9f5e6b63f","Alcohol-Free"
"955c3a806120ecb40af9054cc549c797","Sugar-Conscious"
"955c3a806120ecb40af9054cc549c797","Vegetarian"
"955c3a806120ecb40af9054cc549c797","Peanut-Free"
"955c3a806120ecb40af9054cc549c797","Tree-Nut-Free"
"955c3a806120ecb40af9054cc549c797","Alcohol-Free"
"e43170b78849cf54e6af6fa6ad5cdfba","Sugar-Conscious"
"e43170b78849cf54e6af6fa6ad5cdfba","Peanut-Free"
"e43170b78849cf54e6af6fa6ad5cdfba","Alcohol-Free"
"44cf739221593294d82fa793de63470f","Peanut-Free"
"44cf739221593294d82fa793de63470f","Tree-Nut-Free"
"44cf739221593294d82fa793de63470f","Alcohol-Free"
"989e8e64f5ced8a0ea791c6e20a6ee5c","Peanut-Free"
"989e8e64f5ced8a0ea791c6e20a6ee5c","Tree-Nut-Free"
"c4e3fe762b484bc2e9557b97ebde7943","Vegetarian"
"c4e3fe762b484bc2e9557b97ebde7943","Peanut-Free"
"c4e3fe762b484bc2e9557b97ebde7943","Alcohol-Free"
"6ab24ced7e866c493ab6e7cf6a95564c","Peanut-Free"
"6ab24ced7e866c493ab6e7cf6a95564c","Tree-Nut-Free"
"6ab24ced7e866c493ab6e7cf6a95564c","Alcohol-Free"
"1b8fef6d3c61b58e8901565c1b4d3bd0","Peanut-Free"
"1b8fef6d3c61b58e8901565c1b4d3bd0","Tree-Nut-Free"
"1b8fef6d3c61b58e8901565c1b4d3bd0","Alcohol-Free"
"5aa1f1c2f64103b78bb6464a2350b611","Peanut-Free"
"5aa1f1c2f64103b78bb6464a2350b611","Alcohol-Free"
"767c3ae777596c03508632ec1fcbd159","Peanut-Free"
"767c3ae777596c03508632ec1fcbd159","Tree-Nut-Free"
"767c3ae777596c03508632ec1fcbd159","Alcohol-Free"
"ce06e750f6d5553a64441e5061c3b9b1","Peanut-Free"
"ce06e750f6d5553a64441e5061c3b9b1","Tree-Nut-Free"
"ce06e750f6d5553a64441e5061c3b9b1","Alcohol-Free"
"b56746967f751b506b5cb77b4be8de66","Sugar-Conscious"
"b56746967f751b506b5cb77b4be8de66","Peanut-Free"
"b56746967f751b506b5cb77b4be8de66","Tree-Nut-Free"
"b56746967f751b506b5cb77b4be8de66","Alcohol-Free"
"39f458dae7d62bf099903e950aecc5f1","Sugar-Conscious"
"39f458dae7d62bf099903e950aecc5f1","Peanut-Free"
"39f458dae7d62bf099903e950aecc5f1","Alcohol-Free"
"bd834f3c192ef437cf8c47a058f30e1a","Peanut-Free"
"bd834f3c192ef437cf8c47a058f30e1a","Tree-Nut-Free"
"bd834f3c192ef437cf8c47a058f30e1a","Alcohol-Free"
"3375419fbabcab599d41be90ba740b03","Vegetarian"
"3375419fbabcab599d41be90ba740b03","Peanut-Free"
"3375419fbabcab599d41be90ba740b03","Tree-Nut-Free"
"3375419fbabcab599d41be90ba740b03","Alcohol-Free"
"f8875cb53ff631bf0083d899b8f6c2e4","Peanut-Free"
"f8875cb53ff631bf0083d899b8f6c2e4","Tree-Nut-Free"
"f8875cb53ff631bf0083d899b8f6c2e4","Alcohol-Free"
"5e1b617601e791ea24f54cea115f28d2","Vegetarian"
"5e1b617601e791ea24f54cea115f28d2","Peanut-Free"
"5e1b617601e791ea24f54cea115f28d2","Tree-Nut-Free"
"5e1b617601e791ea24f54cea115f28d2","Alcohol-Free"
"3c72f9d8979de994b9f840493504efe9","Vegetarian"
"3c72f9d8979de994b9f840493504efe9","Peanut-Free"
"3c72f9d8979de994b9f840493504efe9","Alcohol-Free"
"fa83ad3a581f9e848b077c350ef7cd64","Peanut-Free"
"fa83ad3a581f9e848b077c350ef7cd64","Tree-Nut-Free"
"fa83ad3a581f9e848b077c350ef7cd64","Alcohol-Free"
"3d782a6001e5ae04e9ddb3109cce0180","Sugar-Conscious"
"3d782a6001e5ae04e9ddb3109cce0180","Vegetarian"
"3d782a6001e5ae04e9ddb3109cce0180","Peanut-Free"
"3d782a6001e5ae04e9ddb3109cce0180","Tree-Nut-Free"
"3d782a6001e5ae04e9ddb3109cce0180","Alcohol-Free"
"bf64dd8e27a1edbd868efbcd246cf9e6","Vegetarian"
"bf64dd8e27a1edbd868efbcd246cf9e6","Peanut-Free"
"bf64dd8e27a1edbd868efbcd246cf9e6","Alcohol-Free"
"795a8dab4b307625d0dcff649e0a9f52","Peanut-Free"
"795a8dab4b307625d0dcff649e0a9f52","Tree-Nut-Free"
"5ee26919efde098a46af5d865280a88c","Peanut-Free"
"5ee26919efde098a46af5d865280a88c","Tree-Nut-Free"
"5ee26919efde098a46af5d865280a88c","Alcohol-Free"
"447f0530ca39e5c93f42fb0fea5abcff","Vegetarian"
"447f0530ca39e5c93f42fb0fea5abcff","Peanut-Free"
"447f0530ca39e5c93f42fb0fea5abcff","Tree-Nut-Free"
"447f0530ca39e5c93f42fb0fea5abcff","Alcohol-Free"
"26a44cdfe28314f619c4a1fa832b9dfc","Vegetarian"
"26a44cdfe28314f619c4a1fa832b9dfc","Peanut-Free"
"26a44cdfe28314f619c4a1fa832b9dfc","Alcohol-Free"
"5d0c54385f867b726cd13ee3eb608a61","Vegetarian"
"5d0c54385f867b726cd13ee3eb608a61","Peanut-Free"
"5d0c54385f867b726cd13ee3eb608a61","Alcohol-Free"
"c7e772a20063822ee6e4bbad2aa436db","Vegan"
"c7e772a20063822ee6e4bbad2aa436db","Vegetarian"
"c7e772a20063822ee6e4bbad2aa436db","Peanut-Free"
"c7e772a20063822ee6e4bbad2aa436db","Tree-Nut-Free"
"c7e772a20063822ee6e4bbad2aa436db","Alcohol-Free"
"b168e98ca1740e8b8cb76b8d857cfcc2","Peanut-Free"
"b168e98ca1740e8b8cb76b8d857cfcc2","Tree-Nut-Free"
"54f1dfa1a6717bfe1b46dad2c1e26ac1","Sugar-Conscious"
"54f1dfa1a6717bfe1b46dad2c1e26ac1","Peanut-Free"
"54f1dfa1a6717bfe1b46dad2c1e26ac1","Tree-Nut-Free"
"54f1dfa1a6717bfe1b46dad2c1e26ac1","Alcohol-Free"
"ec16b798c407747d41aaf0e3a3fd3a98","Sugar-Conscious"
"ec16b798c407747d41aaf0e3a3fd3a98","Vegetarian"
"ec16b798c407747d41aaf0e3a3fd3a98","Peanut-Free"
"ec16b798c407747d41aaf0e3a3fd3a98","Tree-Nut-Free"
"ec16b798c407747d41aaf0e3a3fd3a98","Alcohol-Free"
"12f6545162a79407ce47d359000e7a3e","Vegetarian"
"12f6545162a79407ce47d359000e7a3e","Peanut-Free"
"12f6545162a79407ce47d359000e7a3e","Tree-Nut-Free"
"12f6545162a79407ce47d359000e7a3e","Alcohol-Free"
"752ce265bab75025979ec27e70eb4a17","Peanut-Free"
"752ce265bab75025979ec27e70eb4a17","Tree-Nut-Free"
"752ce265bab75025979ec27e70eb4a17","Alcohol-Free"
"6224fa1f68427e2dc093de87b9f317d0","Vegetarian"
"6224fa1f68427e2dc093de87b9f317d0","Peanut-Free"
"6224fa1f68427e2dc093de87b9f317d0","Tree-Nut-Free"
"6224fa1f68427e2dc093de87b9f317d0","Alcohol-Free"
"8d4034f227ca4003ace26c132043f0b7","Sugar-Conscious"
"8d4034f227ca4003ace26c132043f0b7","Vegetarian"
"8d4034f227ca4003ace26c132043f0b7","Peanut-Free"
"8d4034f227ca4003ace26c132043f0b7","Tree-Nut-Free"
"8d4034f227ca4003ace26c132043f0b7","Alcohol-Free"
"87163b066b05e3561fc900069b1da854","Sugar-Conscious"
"87163b066b05e3561fc900069b1da854","Peanut-Free"
"87163b066b05e3561fc900069b1da854","Tree-Nut-Free"
"b5aa6fae9c393b46b5a0f76b1c50edf2","Peanut-Free"
"b5aa6fae9c393b46b5a0f76b1c50edf2","Tree-Nut-Free"
"b5aa6fae9c393b46b5a0f76b1c50edf2","Alcohol-Free"
"37216b85fd444c6625df511fadee1a89","Peanut-Free"
"37216b85fd444c6625df511fadee1a89","Tree-Nut-Free"
"37216b85fd444c6625df511fadee1a89","Alcohol-Free"
"b35cc5ad847dd6bb6236e41d0833872c","Peanut-Free"
"b35cc5ad847dd6bb6236e41d0833872c","Tree-Nut-Free"
"b35cc5ad847dd6bb6236e41d0833872c","Alcohol-Free"
"c21146b24e21fdb389386a62ced0c9dd","Vegetarian"
"c21146b24e21fdb389386a62ced0c9dd","Peanut-Free"
"c21146b24e21fdb389386a62ced0c9dd","Tree-Nut-Free"
"c21146b24e21fdb389386a62ced0c9dd","Alcohol-Free"
"0e273b2ce8f53a2d74c3f2cfdfacb109","Vegetarian"
"0e273b2ce8f53a2d74c3f2cfdfacb109","Peanut-Free"
"0e273b2ce8f53a2d74c3f2cfdfacb109","Tree-Nut-Free"
"0e273b2ce8f53a2d74c3f2cfdfacb109","Alcohol-Free"
"58e0d4da055011b346f96e49eda868e1","Sugar-Conscious"
"58e0d4da055011b346f96e49eda868e1","Vegetarian"
"58e0d4da055011b346f96e49eda868e1","Peanut-Free"
"58e0d4da055011b346f96e49eda868e1","Tree-Nut-Free"
"58e0d4da055011b346f96e49eda868e1","Alcohol-Free"
"58a294b85420c1d12ecaa9381b574111","Vegan"
"58a294b85420c1d12ecaa9381b574111","Vegetarian"
"58a294b85420c1d12ecaa9381b574111","Peanut-Free"
"58a294b85420c1d12ecaa9381b574111","Tree-Nut-Free"
"58a294b85420c1d12ecaa9381b574111","Alcohol-Free"
"897fcc8a17747485e62bac3e519dbbde","Vegan"
"897fcc8a17747485e62bac3e519dbbde","Vegetarian"
"897fcc8a17747485e62bac3e519dbbde","Peanut-Free"
"897fcc8a17747485e62bac3e519dbbde","Tree-Nut-Free"
"897fcc8a17747485e62bac3e519dbbde","Alcohol-Free"
"62daac957ac2444e4db2e0f082adccf9","Sugar-Conscious"
"62daac957ac2444e4db2e0f082adccf9","Vegetarian"
"62daac957ac2444e4db2e0f082adccf9","Peanut-Free"
"62daac957ac2444e4db2e0f082adccf9","Tree-Nut-Free"
"62daac957ac2444e4db2e0f082adccf9","Alcohol-Free"
"78f14bb9deff8125aa924e578284e8cc","Sugar-Conscious"
"78f14bb9deff8125aa924e578284e8cc","Vegetarian"
"78f14bb9deff8125aa924e578284e8cc","Peanut-Free"
"78f14bb9deff8125aa924e578284e8cc","Alcohol-Free"
"ac866a8bec8493955eb586c1431fe8ee","Vegetarian"
"ac866a8bec8493955eb586c1431fe8ee","Peanut-Free"
"ac866a8bec8493955eb586c1431fe8ee","Alcohol-Free"
"59b719ae11b5f53b88a6afc2e88d49a8","Peanut-Free"
"59b719ae11b5f53b88a6afc2e88d49a8","Tree-Nut-Free"
"7f93dfa7615fe11e817c3f633073b114","Vegetarian"
"7f93dfa7615fe11e817c3f633073b114","Peanut-Free"
"7f93dfa7615fe11e817c3f633073b114","Tree-Nut-Free"
"7f93dfa7615fe11e817c3f633073b114","Alcohol-Free"
"be3dafd44f3b80729f06a8381d29d768","Peanut-Free"
"be3dafd44f3b80729f06a8381d29d768","Tree-Nut-Free"
"be3dafd44f3b80729f06a8381d29d768","Alcohol-Free"
"654768b98d8df4dddf7d1548f360963b","Peanut-Free"
"654768b98d8df4dddf7d1548f360963b","Alcohol-Free"
"a72ea6fc501dc036d2c9ebea9b934b13","Vegan"
"a72ea6fc501dc036d2c9ebea9b934b13","Vegetarian"
"a72ea6fc501dc036d2c9ebea9b934b13","Peanut-Free"
"a72ea6fc501dc036d2c9ebea9b934b13","Tree-Nut-Free"
"a72ea6fc501dc036d2c9ebea9b934b13","Alcohol-Free"
"4a4180d03199d82d6fca84ea09a948de","Peanut-Free"
"4a4180d03199d82d6fca84ea09a948de","Tree-Nut-Free"
"4a4180d03199d82d6fca84ea09a948de","Alcohol-Free"
"25f6dfb90278a77a7dcdb2268d8fc0b5","Vegetarian"
"25f6dfb90278a77a7dcdb2268d8fc0b5","Peanut-Free"
"25f6dfb90278a77a7dcdb2268d8fc0b5","Tree-Nut-Free"
"25f6dfb90278a77a7dcdb2268d8fc0b5","Alcohol-Free"
"8a1f576978cba6bd6b0caab6cbc414a4","Peanut-Free"
"8a1f576978cba6bd6b0caab6cbc414a4","Tree-Nut-Free"
